nld-21-d_v-1370-v,Herstel-activiteit
nld-21-d_v-2976-v,Herstel-activiteit
nld-21-d_v-7814-v,Herstel-activiteit
nld-21-d_v-1213-v,Verval-proces
nld-21-d_v-5699-v,Herstel-activiteit
nld-21-d_v-8394-v,Herstel-activiteit
nld-21-d_v-8983-v,Herstel-activiteit
nld-21-d_v-211-v,Verval-proces
nld-21-d_v-4057-v,Verval-proces
nld-21-d_v-8098-v,Herstel-activiteit
nld-21-d_v-8687-v,Herstel-activiteit
nld-21-d_v-7379-v,Verval-proces
nld-21-d_v-7761-v,Herstel-activiteit
nld-21-d_v-136-v,Herstel-activiteit
nld-21-d_v-4049-v,Herstel-activiteit
nld-21-d_v-8732-v,Verval-proces
nld-21-d_v-2045-v,Herstel-activiteit
nld-21-d_v-7813-v,Herstel-activiteit
nld-21-d_v-3548-v,Verval-proces
nld-21-d_v-7912-v,Verval-proces
nld-21-d_v-137-v,Herstel-activiteit
nld-21-d_v-4861-v,Verval-proces
nld-21-d_v-6015-v,Verval-proces
nld-21-d_v-7172-v,Verval-proces
nld-21-d_v-8384-v,Verval-proces
nld-21-d_v-4044-v,Verval-proces
nld-21-d_v-8105-v,Verval-proces
nld-21-d_v-8200-v,Verval-proces
nld-21-d_v-1971-v,Verval-proces
nld-21-d_v-8351-v,Verval-proces
nld-21-d_v-7768-v,Verval-proces
nld-21-d_v-316-v,Verval-proces
nld-21-d_v-4762-v,Verval-proces
nld-21-d_v-7781-v,Verval-proces
nld-21-d_v-966-v,Verval-proces
nld-21-d_v-5027-v,Verval-proces
nld-21-d_v-8225-v,Verval-proces
nld-21-d_n-29406-n,Materiaal
nld-21-d_n-24488-n,Location
nld-21-d_n-31770-n,Object
nld-21-d_n-12603-n,Bouw&Herstel-actor
nld-21-d_n-11801-n,Verval-actor
nld-21-d_n-20773-n,Verval-actor
nld-21-d_n-15279-n,Verval-actor
nld-21-d_n-31725-n,Verval-actor
nld-21-d_n-18883-n,Verval-actor
nld-21-d_n-26815-n,Materiaal
nld-21-d_n-14956-n,Verval-proces
nld-21-d_n-29406-n,Materiaal
nld-21-d_n-35068-n,Materiaal
nld-21-d_n-16100-n,Object
nld-21-d_n-21937-n,Object
nld-21-d_n-42818-n,Verval-proces
nld-21-d_n-14745-n,Herstel-activiteit
nld-21-d_n-11347-n,Verval-proces
nld-21-d_n-42770-n,Herstel-activiteit
nld-21-d_n-26777-n,Verval-proces
nld-21-d_n-31515-n,Beoordeling
nld-21-d_n-31641-n,Herstel-activiteit
nld-21-d_n-28653-n,Herstel-activiteit
nld-21-d_n-28448-n,Herstel-activiteit
nld-21-d_n-11804-n,Beoordeling
nld-21-d_n-31912-n,Herstel-activiteit
nld-21-d_n-22855-n,Verval-proces
nld-21-c_480-n,Verval-proces
nld-21-d_n-36244-n,Verval-proces
nld-21-d_n-32727-n,Beoordeling
nld-21-d_n-17969-n,Verval-proces
nld-21-d_n-22950-n,Instrument
nld-21-d_n-32526-n,Instrument
nld-21-d_n-15072-n,Instrument
nld-21-d_n-34275-n,Instrument
nld-21-d_n-40980-n,Materiaal
nld-21-d_n-32671-n,Materiaal
nld-21-d_n-14612-n,Deel-Object
nld-21-d_n-30351-n,Deel-Object
nld-21-d_n-34856-n,Deel-Object
nld-21-d_n-14695-n,Deel-Object
nld-21-d_n-33688-n,Deel-Object
nld-21-d_n-11520-n,Deel-Object
nld-21-d_n-26276-n,Object
nld-21-d_n-38838-n,Deel-Object
nld-21-n_n-516970-n,Deel-Object
nld-21-d_n-17000-n,Deel-Object
nld-21-d_n-41808-n,Deel-Object
nld-21-d_n-29959-n,Deel-Object
nld-21-d_n-19249-n,Materiaal
nld-21-d_n-34939-n,Deel-Object
nld-21-d_n-15103-n,Deel-Object
nld-21-d_n-40349-n,Deel-Object
nld-21-d_n-16374-n,Deel-Object
nld-21-n_n-520075-n,Deel-Object
nld-21-d_n-20487-n,Deel-Object
nld-21-n_n-532259-n,Deel-Object
nld-21-d_n-43542-n,Deel-Object
nld-21-d_n-17024-n,Deel-Object
nld-21-d_n-11784-n,Deel-Object
nld-21-d_n-35949-n,Deel-Object
nld-21-d_n-33369-n,Deel-Object
nld-21-n_n-509520-n,Deel-Object
nld-21-d_n-41584-n,Deel-Object
nld-21-d_n-20475-n,Deel-Object
nld-21-n_n-514514-n,Deel-Object
nld-21-d_n-18728-n,Deel-Object
nld-21-d_n-20863-n,Deel-Object
nld-21-d_n-14746-n,Verval-proces
nld-21-d_n-41136-n,Verval-proces
nld-21-d_n-10092-n,Deel-Object
nld-21-d_n-11205-n,Deel-Object
nld-21-d_n-42289-n,Deel-Object
nld-21-d_n-42675-n,Deel-Object
nld-21-d_n-16177-n,Deel-Object
nld-21-d_n-29982-n,Deel-Object
nld-21-d_n-20307-n,Deel-Object
nld-21-d_n-26888-n,Deel-Object
nld-21-d_n-34833-n,Deel-Object
nld-21-d_n-33376-n,Deel-Object
nld-21-d_n-31079-n,Deel-Object
nld-21-d_n-35535-n,Deel-Object
nld-21-d_n-20712-n,Deel-Object
